Points_0,Points_1,Points_2,Points_Magnitude,U_0,U_1,U_2,U_Magnitude,p,Block Number,Point ID,vtkOriginalPointIds
0.625,0.116667,0.001,0.635796,-0.015745,0.000308541,1.7315e-19,0.015748,0.407343,1,0,6009
0.625,0.120833,0.001,0.636574,-0.0110797,8.46866e-05,1.48267e-19,0.0110801,0.407352,1,1,6110
